source_id,candidate_id,published_at,source_tier,source_type,source_name,url,title,quote_text,confidence,inbox_batch,discovery_method,notes,document_id,document_role,is_primary,official_page_url,download_url,download_status,conversion_status,pdf_path,markdown_path
src-20260420-murillo-program-home,luis-gilberto-murillo,2026-04-21T00:00:00Z,official,program,Murillo presidente,https://murilloporcolombia.com/,Sitio oficial y ejes programáticos de Luis Gilberto Murillo,Sitio oficial accesible en HTML; se convirtió con MarkItDown desde la portada que enlaza categorías programáticas y recursos de campaña.,0.95,2026-04-21,official_site_html,Sitio oficial accesible en HTML; se convirtió con MarkItDown desde la portada que enlaza categorías programáticas y recursos de campaña.,luis-gilberto-murillo-programa-2026,programa-base,TRUE,https://murilloporcolombia.com/,https://murilloporcolombia.com/,downloaded,converted,NA,data/program_documents/files/luis-gilberto-murillo/luis-gilberto-murillo-programa-2026.md
src-20260418-fajardo-official,sergio-fajardo,2026-04-18T12:00:00Z,official,program,Sergio Fajardo,https://www.sergiofajardo.com/,Cambio Seguro,"Seguridad, cero corrupción, salud, mujeres y cultura en la página oficial.",0.95,2026-04-18,NA,NA,NA,NA,NA,NA,NA,NA,NA,NA,NA
src-20260420-fajardo-program-pdf,sergio-fajardo,2026-04-18T00:00:00Z,official,program,Sergio Fajardo,https://drive.google.com/uc?export=download&id=1b0JOU1qalqmih9YdYbuWIDWQEAAvYWn7,Programa de gobierno Cambio. Serio. Seguro.,PDF oficial enlazado desde la portada del sitio de campaña.,0.95,2026-04-18,official_site_drive,PDF oficial enlazado desde la portada del sitio de campaña.,sergio-fajardo-programa-2026,programa-base,TRUE,https://www.sergiofajardo.com/,https://drive.google.com/uc?export=download&id=1b0JOU1qalqmih9YdYbuWIDWQEAAvYWn7,downloaded,converted,data/program_documents/files/sergio-fajardo/sergio-fajardo-programa-2026.pdf,data/program_documents/files/sergio-fajardo/sergio-fajardo-programa-2026.md
src-20260418-ivan-tunja,ivan-cepeda,2026-04-15T12:00:00Z,official,campaign-update,Pacto Histórico,https://pactohistorico.co/ivan-cepeda-llega-a-tunja-este-17-de-abril/,Visita de Iván Cepeda a Tunja: Transformación Energética y Ferroviaria para Boyacá,"Transición energética, tierra para campesinos y tren para Boyacá.",0.95,2026-04-18,NA,NA,NA,NA,NA,NA,NA,NA,NA,NA,NA
src-20260418-paloma-official,paloma-valencia,2026-04-14T12:00:00Z,official,program,Paloma Valencia,https://palomavalencia.com/propuestas.html,Programa de Gobierno,Programa Integrado de Gobierno publicado por la campaña.,0.95,2026-04-18,NA,NA,NA,NA,NA,NA,NA,NA,NA,NA,NA
src-20260420-paloma-program-pdf,paloma-valencia,2026-04-14T00:00:00Z,official,program,Paloma Valencia,https://palomavalencia.com/images/documentos/Plan%20Integrado%20de%20Gobierno%20Final_compressed.pdf,Plan Integrado de Gobierno,PDF oficial descargable desde la sección de propuestas.,0.95,2026-04-14,official_site_pdf,PDF oficial descargable desde la sección de propuestas.,paloma-valencia-programa-2026,programa-base,TRUE,https://palomavalencia.com/propuestas.html,https://palomavalencia.com/images/documentos/Plan%20Integrado%20de%20Gobierno%20Final_compressed.pdf,downloaded,converted,data/program_documents/files/paloma-valencia/paloma-valencia-programa-2026.pdf,data/program_documents/files/paloma-valencia/paloma-valencia-programa-2026.md
src-20260418-ivan-anticorrup,ivan-cepeda,2026-04-13T12:00:00Z,official,campaign-update,Pacto Histórico,https://pactohistorico.co/ivan-cepeda-huila-programa-de-gobierno-eje-anticorrupcion-y-justicia-social/,Iván Cepeda y su propuesta política para transformar Colombia,Ley Nacional contra la corrupción y fortalecimiento institucional.,0.95,2026-04-18,NA,NA,NA,NA,NA,NA,NA,NA,NA,NA,NA
src-20260420-abelardo-program-pdf,abelardo-de-la-espriella,2026-04-01T00:00:00Z,official,program,Defensores de la Patria,https://defensoresdelapatria.com/wp-content/uploads/2026/04/PROPUESTAS-ABELARDO-DE-LA-ESPRIELLA-EL-TIGRE.pdf,Propuestas Abelardo de la Espriella: El Tigre,PDF oficial de propuestas hospedado en el sitio de campaña.,0.95,2026-04-01,official_site_pdf,PDF oficial de propuestas hospedado en el sitio de campaña.,abelardo-espriella-programa-2026,programa-base,TRUE,https://defensoresdelapatria.com/,https://defensoresdelapatria.com/wp-content/uploads/2026/04/PROPUESTAS-ABELARDO-DE-LA-ESPRIELLA-EL-TIGRE.pdf,downloaded,converted,data/program_documents/files/abelardo-de-la-espriella/abelardo-espriella-programa-2026.pdf,data/program_documents/files/abelardo-de-la-espriella/abelardo-espriella-programa-2026.md
src-20260418-ivan-program-home,ivan-cepeda,2026-03-01T05:00:00Z,official,program,Pacto Histórico,https://pactohistorico.co/,Iván Cepeda: Candidato Presidencial del Pacto Histórico 2026,Programa para profundizar justicia social y paz total.,0.95,2026-04-18,NA,NA,NA,NA,NA,NA,NA,NA,NA,NA,NA
src-20260420-ivan-program-pdf,ivan-cepeda,2026-03-01T00:00:00Z,official,program,Pacto Histórico,https://pactohistorico.co/periodico_el_cambio_se_siente.pdf,El Periódico del Cambio: Programa de Gobierno 2026-2030,PDF oficial enlazado desde la portada de campaña de Iván Cepeda.,0.95,2026-03-01,official_site_pdf,PDF oficial enlazado desde la portada de campaña de Iván Cepeda.,ivan-cepeda-programa-2026,programa-base,TRUE,https://pactohistorico.co/,https://pactohistorico.co/periodico_el_cambio_se_siente.pdf,downloaded,converted,data/program_documents/files/ivan-cepeda/ivan-cepeda-programa-2026.pdf,data/program_documents/files/ivan-cepeda/ivan-cepeda-programa-2026.md
src-20260418-claudia-program,claudia-lopez,2026-02-18T15:00:00Z,official,program,Claudia López,https://claudia-lopez.com/programa-de-gobierno-de-claudia-lopez/,Claudia López presenta su programa de gobierno,"Seguridad, igualdad y desarrollo regional como acuerdos transversales.",0.95,2026-04-18,NA,NA,NA,NA,NA,NA,NA,NA,NA,NA,NA
src-20260420-claudia-program-pdf,claudia-lopez,2026-02-18T00:00:00Z,official,program,Claudia López,https://claudia-lopez.com/wp-content/uploads/2026/04/Programa-Gobierno-Claudia-Lopez-Leonardo-Huerta.pdf,Programa de Gobierno de Claudia López,PDF oficial enlazado desde la página de programa de la campaña.,0.95,2026-02-18,official_site_pdf,PDF oficial enlazado desde la página de programa de la campaña.,claudia-lopez-programa-2026,programa-base,TRUE,https://claudia-lopez.com/programa-de-gobierno-de-claudia-lopez/,https://claudia-lopez.com/wp-content/uploads/2026/04/Programa-Gobierno-Claudia-Lopez-Leonardo-Huerta.pdf,downloaded,converted,data/program_documents/files/claudia-lopez/claudia-lopez-programa-2026.pdf,data/program_documents/files/claudia-lopez/claudia-lopez-programa-2026.md
src-20260507-ivan-software-electoral-oficial,ivan-cepeda,2026-05-07T00:00:00Z,official,campaign-update,Ivan Cepeda 2026,https://www.presidenteivancepeda.com/noticias/software-sin-garantias-auditoria-codigo-fuente,Persisten falta de condiciones para la auditoria real del codigo fuente y software electorales #SoftwareSinGarantias,"Pide fortalecer la auditoria del software electoral con acceso tecnico suficiente, trazabilidad del codigo y acompanamiento independiente.",0.94,2026-05-07,NA,NA,NA,NA,NA,NA,NA,NA,NA,NA,NA
src-20260526-claudia-fondo-rescate-salud-caracol,claudia-lopez,2026-05-25T19:33:00Z,established-media,interview,Caracol Radio,https://caracol.com.co/2026/05/26/el-tormento-de-ciudadanos-es-el-atraco-la-extorsion-y-que-no-entreguen-medicamentos-claudia-lopez/?outputType=amp,"El tormento de ciudadanos es el atraco, la extorsion y que no entreguen medicamentos: Claudia Lopez","Propone un sistema mixto con vigilancia, un fondo de rescate de 10 billones y dispensacion de medicamentos en droguerias de barrio con trazabilidad y auditorias.",0.9,2026-05-26,NA,NA,NA,NA,NA,NA,NA,NA,NA,NA,NA
src-20260514-fajardo-salud-caracol,sergio-fajardo,2026-05-13T14:52:00Z,established-media,interview,Caracol Radio,https://caracol.com.co/2026/05/13/lo-que-hizo-petro-fue-destruir-el-sistema-de-salud-por-una-mirada-ideologica-sergio-fajardo/,"""Lo que hizo Petro fue destruir el sistema de salud por una mirada ideologica"": Sergio Fajardo","Propone un puesto de mando presidencial con EPS y prestadores, emergencia para medicamentos esenciales, recalculo de la UPC y reforma concertada en el segundo ano.",0.9,2026-05-14,NA,NA,NA,NA,NA,NA,NA,NA,NA,NA,NA
src-20260514-claudia-salud-caracol,claudia-lopez,2026-05-13T16:06:00Z,established-media,interview,Caracol Radio,https://caracol.com.co/2026/05/13/el-8-de-agosto-vamos-a-entregar-los-medicamentos-a-los-que-necesiten-continuidad-leonardo-huerta/,El 8 de agosto vamos a entregar los medicamentos a los que necesiten continuidad: Leonardo Huerta,"Promete entrega de medicamentos desde la primera semana, control territorial con personeros y uso del flujo existente de UPC, presupuestos maximos y participaciones.",0.89,2026-05-14,NA,NA,NA,NA,NA,NA,NA,NA,NA,NA,NA
src-20260512-paloma-medicamentos-caracol,paloma-valencia,2026-05-11T16:36:00Z,established-media,interview,Caracol Radio,https://caracol.com.co/2026/05/11/haremos-una-compra-de-3-billones-en-medicamentos-paloma-valencia-sobre-su-propuesta-en-salud/,"""Haremos una compra de $3 billones en medicamentos"": Paloma Valencia sobre su propuesta en salud","Propone comprar medicamentos por 3 billones, reconocer deudas del sistema y desatrasar atenciones en 100 dias sin eliminar las EPS.",0.89,2026-05-12,NA,NA,NA,NA,NA,NA,NA,NA,NA,NA,NA
src-20260529-ivan-velasquez-anticorrupcion-infobae,ivan-cepeda,2026-05-28T14:53:00Z,established-media,article,Infobae,https://www.infobae.com/colombia/2026/05/28/ivan-cepeda-anuncio-a-ivan-velasquez-como-cabeza-del-sistema-nacional-anticorrupcion-para-dirigir-su-estrategia-contra-la-corrupcion/?outputType=amp-type,Ivan Cepeda anuncio que el exministro de Petro Ivan Velasquez dirigira la estrategia contra la corrupcion en su presidencia,"Propone un Sistema Nacional Anticorrupcion liderado por Ivan Velasquez, con interoperabilidad de datos, analitica de contratacion y Ley Nacional Anticorrupcion con mensaje de urgencia.",0.88,2026-05-29,NA,NA,NA,NA,NA,NA,NA,NA,NA,NA,NA
src-20260528-abelardo-pais-propietarios-eltiempo,abelardo-de-la-espriella,2026-05-27T23:01:00Z,established-media,interview,EL TIEMPO,https://www.eltiempo.com/politica/elecciones-colombia-2026/abelardo-de-la-espriella-mi-tarea-sera-de-cuatro-anos-y-una-vez-concluya-me-retirare-de-la-vida-publica-para-siempre-3558910,"Abelardo de la Espriella: 'Mi tarea sera de cuatro anos y, una vez concluya, me retirare de la vida publica para siempre'","Plantea el programa 'Pais de propietarios' para financiar vivienda propia con intereses de 2 por ciento a 30 anos, sin cuota inicial y con cuotas similares a un arriendo.",0.88,2026-05-28,NA,NA,NA,NA,NA,NA,NA,NA,NA,NA,NA
src-20260516-claudia-policia-local-caracoltv,claudia-lopez,2026-05-14T20:31:00Z,established-media,interview,Noticias Caracol,https://www.noticiascaracol.com/politica/elecciones-colombia/claudia-lopez-habla-de-su-plan-contra-la-inseguridad-y-como-seria-su-relacion-con-ee-uu-y-venezuela-ex40,Claudia Lopez habla de su plan contra la inseguridad y como seria su relacion con EE. UU. y Venezuela,"Propone una policia local, una Fiscalia antimafia y un nuevo regimen penitenciario para enfrentar terrorismo, mafias e inseguridad.",0.88,2026-05-16,NA,NA,NA,NA,NA,NA,NA,NA,NA,NA,NA
src-20260506-murillo-retiro-cepeda-elpais,luis-gilberto-murillo,2026-05-05T19:50:00Z,established-media,liveblog,EL PAIS America Colombia,https://elpais.com/america-colombia/elecciones-presidenciales/2026-05-05/el-camino-a-las-elecciones-presidenciales-de-colombia-2026-en-vivo.html,Luis Gilberto Murillo declina su candidatura y prepara su llegada a la campaña de Ivan Cepeda,"Murillo se retira de la contienda, se suma a la campana de Cepeda y sus votos no seran contabilizados porque los tarjetones ya estaban en impresion.",0.88,2026-05-06,NA,NA,NA,NA,NA,NA,NA,NA,NA,NA,NA
src-20260424-paloma-seguridad-elpais,paloma-valencia,2026-04-23T12:32:00Z,established-media,liveblog,EL PAÍS,https://elpais.com/america-colombia/elecciones-presidenciales/2026-04-23/el-camino-a-las-elecciones-presidenciales-de-colombia-2026-en-vivo.html,Paloma Valencia lanza su propuesta de seguridad total y promete reactivar las órdenes de captura,Lanzó su propuesta de seguridad total y presentó un borrador de decreto para reactivar las órdenes de captura contra criminales nombrados gestores de paz.,0.88,2026-04-24,NA,NA,NA,NA,NA,NA,NA,NA,NA,NA,NA
src-20260529-claudia-regalias-tarifa-caribe-elheraldo,claudia-lopez,2026-05-28T00:00:00Z,established-media,interview,EL HERALDO,https://www.elheraldo.co/politica/2026/05/28/planteo-quitarle-poder-a-la-presidencia-y-devolverlo-a-la-region-claudia-lopez/,Planteo quitarle poder a la presidencia y devolverlo a la region: Claudia Lopez,Propone que las regiones decidan directamente la inversion y usar regalias del Caribe en infraestructura electrica para bajar alrededor de 30% la tarifa.,0.87,2026-05-29,NA,NA,NA,NA,NA,NA,NA,NA,NA,NA,NA
src-20260516-fajardo-50000-policias-caracoltv,sergio-fajardo,2026-05-15T18:27:00Z,established-media,interview,Noticias Caracol,https://www.noticiascaracol.com/politica/elecciones-colombia/sergio-fajardo-habla-de-como-va-su-campana-las-encuestas-y-critica-a-abelardo-de-la-espriella-ex40,"Sergio Fajardo habla de como va su campana, las encuestas y critica a Abelardo de la Espriella","Plantea pasar 50.000 hombres del Ejercito a la Policia, reducir generales y cortar cualquier proceso de paz con grupos terroristas.",0.87,2026-05-16,NA,NA,NA,NA,NA,NA,NA,NA,NA,NA,NA
src-20260501-paloma-seguridad-api,paloma-valencia,2026-04-29T17:22:00Z,established-media,article,Agencia Periodismo Investigativo,https://www.agenciapi.co/noticia/elecciones-2026/paloma-valencia-presenta-plan-de-seguridad-con-apoyo-de-mas-de-300-militares-en-retiro,Paloma Valencia presenta plan de seguridad con apoyo de mas de 300 militares en retiro,"Plantea militarizar la via Cali-Popayan-Pasto-Rumichaca, recuperar el control de las carceles y reforzar inteligencia y tecnologia contra la extorsion.",0.87,2026-05-01,NA,NA,NA,NA,NA,NA,NA,NA,NA,NA,NA
src-20260424-abelardo-colpensiones-elpais,abelardo-de-la-espriella,2026-04-23T20:39:00Z,established-media,liveblog,EL PAÍS,https://elpais.com/america-colombia/elecciones-presidenciales/2026-04-23/el-camino-a-las-elecciones-presidenciales-de-colombia-2026-en-vivo.html,Abelardo de la Espriella demandará el decreto de traslado a Colpensiones,Anunció una demanda y pidió suspensión provisional del decreto que ordena trasladar recursos desde fondos privados a Colpensiones.,0.87,2026-04-24,NA,NA,NA,NA,NA,NA,NA,NA,NA,NA,NA
src-20260527-fajardo-vias-terciarias-elpais,sergio-fajardo,2026-05-26T00:00:00Z,established-media,article,EL PAIS America Colombia,https://elpais.com/america-colombia/elecciones-presidenciales/2026-05-26/sergio-fajardo-la-propuesta-centrista-de-cambio-sin-extremos.html,Las propuestas de Sergio Fajardo: centrista de cambio sin extremos,"Propone un Sistema Nacional Intermodal de Transporte con inversion de 3 a 4% del PIB e intervenir al menos 20.000 kilometros de vias terciarias con prioridad en Catatumbo, Cauca-Narino y Choco.",0.86,2026-05-27,NA,NA,NA,NA,NA,NA,NA,NA,NA,NA,NA
src-20260512-fajardo-plan-gobierno-elespectador,sergio-fajardo,2026-05-11T06:00:00Z,established-media,article,El Espectador,https://www.elespectador.com/politica/elecciones-colombia-2026/propuestas-de-sergio-fajardo-este-es-su-plan-de-gobierno-sobre-seguridad-economia-corrupcion-salud-y-justicia-noticias-hoy/?outputType=amp,"Propuestas de Sergio Fajardo: este es su plan de gobierno sobre seguridad, economia, corrupcion, salud y justicia",El plan reciente agrega estabilizacion financiera de salud con APS y un ajuste fiscal responsable para deuda y deficit.,0.86,2026-05-12,NA,NA,NA,NA,NA,NA,NA,NA,NA,NA,NA
src-20260510-ivan-microempresas-vanguardia,ivan-cepeda,2026-05-08T07:04:00Z,established-media,article,Vanguardia,https://www.vanguardia.com/politica/2026/05/08/ivan-cepeda-presenta-para-reactivar-la-economia-y-las-empresas-en-norte-de-santander/,Iván Cepeda presenta propuestas para reactivar la economía y las empresas en Norte de Santander,"Propone creditos de hasta 50 millones para 200.000 microempresas familiares, con enfasis en economia fronteriza y sectores productivos de Norte de Santander.",0.86,2026-05-10,NA,NA,NA,NA,NA,NA,NA,NA,NA,NA,NA
src-20260506-paloma-soat-regalias-bluradio,paloma-valencia,2026-05-05T00:00:00Z,established-media,interview,Blu Radio,https://www.bluradio.com/nacion/elecciones/promesas-propuestas/paloma-valencia-soat-para-motos-puede-pagarse-con-rentas-de-regalias-y-recaudo-pr30,"Paloma Valencia: ""Soat para motos puede pagarse con rentas de regalias y recaudo""","Plantea que el Estado asuma el SOAT de motos hasta 250 cc con un costo de 2 a 2,5 billones y lo financie con regalías y recaudo.",0.86,2026-05-06,NA,NA,NA,NA,NA,NA,NA,NA,NA,NA,NA
src-20260512-claudia-plan-gobierno-elespectador,claudia-lopez,2026-05-10T13:00:00Z,established-media,article,El Espectador,https://www.elespectador.com/politica/elecciones-colombia-2026/propuestas-de-claudia-lopez-este-es-su-plan-de-gobierno-sobre-seguridad-economia-corrupcion-salud-y-justicia-noticias-hoy/,"Propuestas de Claudia Lopez: este es su plan de gobierno sobre seguridad, economia, corrupcion, salud y justicia","La pieza reciente permite fijar una Fiscalia Antimafia, reorganizacion judicial y un Sistema Nacional de Cuidado con base en el programa oficial.",0.85,2026-05-12,NA,NA,NA,NA,NA,NA,NA,NA,NA,NA,NA
src-20260423-fajardo-espectador,sergio-fajardo,2026-04-23T01:01:00Z,established-media,interview,EL ESPECTADOR,https://www.elespectador.com/politica/elecciones-colombia-2026/sergio-fajardo-se-ha-multiplicado-el-mundo-criminal-por-todo-colombia/,Sergio Fajardo: 'Se ha multiplicado el mundo criminal por todo Colombia',Planteo que la criminalidad se ha expandido por el pais y cuestiono que la campaña siga atrapada en la polarizacion en vez de discutir propuestas.,0.85,2026-04-23,NA,NA,NA,NA,NA,NA,NA,NA,NA,NA,NA
src-20260418-murillo-espectador,luis-gilberto-murillo,2026-04-16T06:00:00Z,interview,interview,EL ESPECTADOR,https://www.elespectador.com/economia/emprendimiento-y-liderazgo/luis-g-murillo-y-sus-propuestas-quiero-una-colombia-que-mire-al-futuro-y-las-oportunidades-que-tiene/,Luis G. Murillo: Quiero una Colombia que mire al futuro y las oportunidades,"Educación, oportunidades, seguridad focalizada y desarrollo regional.",0.85,2026-04-18,NA,NA,NA,NA,NA,NA,NA,NA,NA,NA,NA
src-20260418-caicedo-caracol,carlos-caicedo,2026-03-31T12:00:00Z,interview,interview,Noticias Caracol,https://www.noticiascaracol.com/politica/elecciones-colombia/carlos-caicedo-plantea-su-propuesta-central-como-candidato-educacion-como-motor-de-progreso-rg10,Carlos Caicedo plantea su propuesta central como candidato,Pagar por estudiar para evitar la deserción y ampliar acceso educativo.,0.85,2026-04-18,NA,NA,NA,NA,NA,NA,NA,NA,NA,NA,NA
src-20260418-abelardo-infobae,abelardo-de-la-espriella,2026-03-26T08:39:00Z,interview,interview,Infobae,https://www.infobae.com/colombia/2026/03/26/abelardo-de-la-espriella-promete-reducir-el-estado-eliminar-la-jep-y-construir-diez-megacarceles-si-llega-a-la-presidencia/?outputType=amp-type,"Abelardo de la Espriella promete reducir el Estado, eliminar la JEP y construir diez megacárceles","Recorte del Estado, megacárceles, choque de seguridad y emergencia en salud.",0.85,2026-04-18,NA,NA,NA,NA,NA,NA,NA,NA,NA,NA,NA
src-20260418-ivan-economia,ivan-cepeda,2026-03-24T12:04:00Z,interview,interview,Infobae,https://www.infobae.com/colombia/2026/03/24/ivan-cepeda-confirmo-que-mantendra-la-politica-economica-de-gustavo-petro-no-se-produjo-el-desplome/,Iván Cepeda confirmó que mantendrá la política económica de Gustavo Petro,Continuidad macroeconómica con responsabilidad fiscal y transición energética.,0.85,2026-04-18,NA,NA,NA,NA,NA,NA,NA,NA,NA,NA,NA
src-20260418-claudia-forbes,claudia-lopez,2026-03-04T15:41:14Z,interview,interview,Forbes Colombia,https://forbes.co/2026/03/04/politica/elecciones-2026/continuar-lo-que-funciona-y-trabajar-en-seguridad-salud-y-productividad-la-meta-de-claudia-lopez,"Continuar lo que funciona y trabajar en seguridad, salud y productividad","Continuidad selectiva de reformas, nueva regla fiscal y modelo mixto de salud.",0.85,2026-04-18,NA,NA,NA,NA,NA,NA,NA,NA,NA,NA,NA
src-20260418-mauricio-caracol,mauricio-lizcano,2026-02-27T12:00:00Z,interview,interview,Noticias Caracol,https://www.noticiascaracol.com/politica/elecciones-colombia/mauricio-lizcano-habla-de-sus-propuesta-y-por-que-no-participo-en-consultas-rg10?_amp=true,Mauricio Lizcano habla de sus propuestas y por qué no participó en consultas,"Seguridad con ministro activo, bloques élite y tecnología en taxis.",0.85,2026-04-18,NA,NA,NA,NA,NA,NA,NA,NA,NA,NA,NA
src-20260418-santiago-caracol,raul-botero,2026-02-27T12:00:00Z,interview,interview,Noticias Caracol,https://www.noticiascaracol.com/politica/elecciones-colombia/santiago-botero-habla-de-sus-propuestas-pena-de-muerte-y-su-perspectiva-de-llegar-a-la-presidencia-rg10,Santiago Botero habla de sus propuestas,Pena de muerte para corruptos y mayor respaldo operativo a policías y soldados.,0.85,2026-04-18,NA,NA,NA,NA,NA,NA,NA,NA,NA,NA,NA
src-20260418-roy-efe,roy-barreras,2026-02-18T12:00:00Z,interview,interview,EFE,https://efe.com/mundo/2026-02-18/roy-barreras-elecciones-presidencia-colombia-candidatos-consulta/,Roy Barreras: La inmensa mayoría de los colombianos no quiere un país con extremistas,Productividad para pagar deuda social y paz con sometimiento a la justicia.,0.85,2026-04-18,NA,NA,NA,NA,NA,NA,NA,NA,NA,NA,NA
src-20260418-mauricio-espectador,mauricio-lizcano,2026-01-15T05:00:00Z,interview,interview,EL ESPECTADOR,https://www.elespectador.com/economia/emprendimiento-y-liderazgo/mauricio-lizcano-y-sus-propuestas-yo-quiero-dejar-a-colombia-duplicando-el-ingreso-de-todos/,Mauricio Lizcano: Yo quiero dejar a Colombia duplicando el ingreso de todos,"Tecnología, seguridad y crecimiento al 6 % para elevar ingresos.",0.85,2026-04-18,NA,NA,NA,NA,NA,NA,NA,NA,NA,NA,NA
src-20260513-abelardo-protesta-infobae,abelardo-de-la-espriella,2026-05-12T00:00:00Z,established-media,interview,Infobae,https://www.infobae.com/colombia/2026/05/12/abelardo-de-la-espriella-advierte-mano-dura-contra-bloqueos-y-ataques-durante-protestas-si-es-elegido-presidente-no-como-de-indio-negro-blanco-no-como-de-nada/,Abelardo de la Espriella advierte mano dura contra bloqueos y ataques durante protestas si es elegido presidente,"Plantea permitir la protesta pacifica, pero impedir bloqueos y responder con fuerza inmediata y judicializacion a ataques contra la Fuerza Publica.",0.84,2026-05-13,NA,NA,NA,NA,NA,NA,NA,NA,NA,NA,NA
src-20260507-murillo-adhesion-cepeda-elpais,luis-gilberto-murillo,2026-05-06T15:28:00Z,established-media,article,EL PAIS,https://elpais.com/america-colombia/2026-05-06/luis-gilberto-murillo-se-suma-a-la-campana-de-ivan-cepeda-es-una-decision-que-se-alinea-con-el-futuro-de-colombia.html,Luis Gilberto Murillo se suma a la campana de Ivan Cepeda: 'Es una decision que se alinea con el futuro de Colombia',Retira su aspiracion presidencial y pone su experiencia al servicio de la Alianza por la Vida de Ivan Cepeda.,0.84,2026-05-07,NA,NA,NA,NA,NA,NA,NA,NA,NA,NA,NA
src-20260506-fajardo-educacion-elpais,sergio-fajardo,2026-05-05T20:05:00Z,established-media,liveblog,EL PAIS America Colombia,https://elpais.com/america-colombia/elecciones-presidenciales/2026-05-05/el-camino-a-las-elecciones-presidenciales-de-colombia-2026-en-vivo.html,Fajardo retoma su bandera educativa con un plan de cinco puntos,"Presento una agenda educativa con cobertura total de educacion inicial, festival de artes escolares, fortalecimiento de ICETEX, apoyo psicologico a docentes y una unidad de seguimiento sectorial.",0.84,2026-05-06,NA,NA,NA,NA,NA,NA,NA,NA,NA,NA,NA
src-20260502-paloma-meta-infraestructura-api,paloma-valencia,2026-05-01T09:24:00Z,established-media,article,Agencia Periodismo Investigativo,https://www.agenciapi.co/noticia/elecciones-2026/paloma-valencia-anuncia-paquete-de-obras-e-inversiones-para-el-meta-vias-agua-aeropuerto-y-conectividad,"Paloma Valencia anuncia paquete de obras e inversiones para el Meta: vias, agua, aeropuerto y conectividad","Prioriza una solucion estructural para la Via al Llano con nueva concesion integral, mas de 100 puntos criticos, una via alterna por el Sisga y una estimacion de 1,8 billones de pesos.",0.84,2026-05-02,NA,NA,NA,NA,NA,NA,NA,NA,NA,NA,NA
src-20260501-murillo-coordinacion-territorial-elcolombiano,luis-gilberto-murillo,2026-04-30T11:38:12Z,interview,interview,El Colombiano,https://www.elcolombiano.com/especiales/elecciones-2026/elecciones-2026-luis-gilberto-murillo-francia-marquez-KH36022888,"El desahogo de Luis Gilberto Murillo: Hablo de racismo en el Gobierno Petro, del que hizo parte","Propone un Consejo Nacional de Coordinacion Territorial con decisiones vinculantes entre presidente, gobernadores y alcaldes para cerrar brechas y responder a la violencia regional.",0.84,2026-05-01,NA,NA,NA,NA,NA,NA,NA,NA,NA,NA,NA
src-20260424-claudia-debates-elpais,claudia-lopez,2026-04-23T11:43:00Z,established-media,liveblog,EL PAÍS,https://elpais.com/america-colombia/elecciones-presidenciales/2026-04-23/el-camino-a-las-elecciones-presidenciales-de-colombia-2026-en-vivo.html,Claudia López pide tres debates con todos los candidatos,Anunció que pedirá a las autoridades electorales organizar tres debates de una hora con todos los candidatos presidenciales.,0.84,2026-04-24,NA,NA,NA,NA,NA,NA,NA,NA,NA,NA,NA
src-20260518-ivan-paz-rcn,ivan-cepeda,2026-05-17T20:10:00Z,established-media,article,Noticias RCN,https://www.noticiasrcn.com/colombia/a-la-gente-no-la-mata-la-paz-ivan-cepeda-hablo-de-los-dialogos-con-el-eln-y-la-paz-total-1022154,"""A la gente no la mata la paz"": Ivan Cepeda hablo de los dialogos con el ELN y la paz total",Aseguro que mantendria dialogos con grupos armados solo si terminan en resultados concretos y eficaces e implementaria el Acuerdo de Paz de 2016.,0.82,2026-05-18,NA,NA,NA,NA,NA,NA,NA,NA,NA,NA,NA
src-20260507-fajardo-seguridad-infobae,sergio-fajardo,2026-05-06T17:29:00Z,established-media,interview,Infobae,https://www.infobae.com/colombia/2026/05/06/sergio-fajardo-expuso-sus-primeras-acciones-de-llegar-a-la-presidencia-y-lanzo-fuertes-criticas-a-petro-es-maestro-para-tirar-cortinas-de-humo/,Sergio Fajardo expuso sus primeras acciones de llegar a la Presidencia y lanzo fuertes criticas a Petro,"Plantea Ciudades mas Seguras, plan antiextorsion e intervenciones territoriales con fuerza publica, inteligencia y trabajo social.",0.82,2026-05-07,NA,NA,NA,NA,NA,NA,NA,NA,NA,NA,NA
src-20260507-paloma-prestamo-eeuu-infobae,paloma-valencia,2026-05-06T08:02:00Z,established-media,article,Infobae,https://www.infobae.com/colombia/2026/05/06/paloma-valencia-busca-pedirle-us50000-millones-prestados-a-estados-unidos-para-pagar-las-deudas-de-colombia/,Paloma Valencia busca pedirle US$50.000 millones prestados a Estados Unidos para pagar las deudas de Colombia,"Propone refinanciar deuda con un prestamo de Estados Unidos, recortar ministerios y eliminar entidades para aliviar la regla fiscal.",0.82,2026-05-07,NA,NA,NA,NA,NA,NA,NA,NA,NA,NA,NA
src-20260501-ivan-constituyente-elpais,ivan-cepeda,2026-04-30T23:00:00Z,established-media,article,EL PAIS,https://elpais.com/america-colombia/elecciones-presidenciales/2026-05-01/cepeda-se-desmarca-a-medias-de-la-constituyente-que-petro-insiste-en-agitar.html,Cepeda se desmarca a medias de la Constituyente que Petro insiste en agitar,"Su campaña prioriza un acuerdo nacional para tramitar reformas por el Congreso y no asume la Constituyente como bandera cerrada, aunque tampoco la descarta del todo.",0.82,2026-05-01,NA,NA,NA,NA,NA,NA,NA,NA,NA,NA,NA
src-20260507-abelardo-char-elpais,abelardo-de-la-espriella,2026-05-06T15:19:00Z,established-media,article,EL PAIS,https://elpais.com/america-colombia/elecciones-presidenciales/2026-05-06/el-clan-char-apuesta-por-abelardo-de-la-espriella-para-contrarrestar-el-avance-de-la-izquierda-en-el-caribe.html,El clan Char apuesta por Abelardo de la Espriella para contrarrestar el avance de la izquierda en el Caribe,El clan Char prepara su respaldo oficial a Abelardo para fortalecer su campana en el Caribe.,0.8,2026-05-07,NA,NA,NA,NA,NA,NA,NA,NA,NA,NA,NA
src-20260502-ivan-trabajo-sindicatos-api,ivan-cepeda,2026-05-01T09:00:00Z,established-media,article,Agencia Periodismo Investigativo,https://www.agenciapi.co/noticia/elecciones-2026/centrales-obreras-anuncian-respaldo-candidatura-de-ivan-cepeda,Centrales obreras anuncian respaldo a candidatura de Ivan Cepeda,"Junto con el respaldo sindical, Cepeda asumio compromisos publicos sobre estatuto del trabajo, concertacion permanente con sindicatos, formalizacion justa y proteccion social.",0.8,2026-05-02,NA,NA,NA,NA,NA,NA,NA,NA,NA,NA,NA
src-20260422-claudia-infobae,claudia-lopez,2026-04-22T14:50:00Z,established-media,interview,Infobae,https://www.infobae.com/colombia/2026/04/22/claudia-lopez-critico-el-modelo-de-gobierno-de-nayib-bukele-en-el-salvador-y-lo-comparo-con-un-expresidente-colombiano/,"Claudia López respondio si habria un presidente como Nayib Bukele en Colombia: 'Ya lo tuvimos, se llama Álvaro Uribe'",Rechazo replicar el modelo Bukele en Colombia y sostuvo que la seguridad debe fortalecerse sin abusos ni falsos positivos.,0.8,2026-04-22,NA,NA,NA,NA,NA,NA,NA,NA,NA,NA,NA
src-20260421-murillo-tiempo,luis-gilberto-murillo,2026-04-21T16:54:00Z,established-media,interview,EL TIEMPO,https://www.eltiempo.com/politica/elecciones-colombia-2026/no-soy-un-canciller-en-la-sombra-trato-de-contribuir-como-ciudadano-en-relaciones-clave-como-ee-uu-y-venezuela-luis-gilberto-murillo-3549757,'No soy un canciller en la sombra; trato de contribuir como ciudadano en relaciones clave como EE.UU y Venezuela': Luis Gilberto Murillo,Defendio su gestion sobre pasaportes y planteo que su campaña busca representar a la Colombia olvidada.,0.8,2026-04-21,NA,NA,NA,NA,NA,NA,NA,NA,NA,NA,NA
src-20260421-ivan-vanguardia,ivan-cepeda,2026-04-18T18:45:00Z,established-media,article,Vanguardia,https://www.vanguardia.com/politica/2026/04/18/ivan-cepeda-acepta-ir-a-debates-presidenciales-y-reta-a-paloma-valencia-y-de-la-espriella/,Iván Cepeda acepta ir a debates presidenciales y reta a Paloma Valencia y De La Espriella,Anuncio que asistira a debates presidenciales y reto a Paloma Valencia y Abelardo de la Espriella a debatir propuestas de fondo.,0.8,2026-04-21,NA,NA,NA,NA,NA,NA,NA,NA,NA,NA,NA
src-20260518-ivan-lgbti-elpais,ivan-cepeda,2026-05-17T19:00:00Z,established-media,article,EL PAIS America Colombia,https://elpais.com/america-colombia/elecciones-presidenciales/2026-05-17/el-camino-a-las-elecciones-presidenciales-de-colombia-2026-en-vivo.html,"Ivan Cepeda desde Bogota: ""No hay democracia plena sin diversidad sexual""",Prometio prohibir las terapias de conversion y erradicar todas las formas de discriminacion contra la poblacion LGBTIQ+.,0.79,2026-05-18,NA,NA,NA,NA,NA,NA,NA,NA,NA,NA,NA
src-20260422-abelardo-infobae,abelardo-de-la-espriella,2026-04-22T06:00:00Z,established-media,article,Infobae,https://www.infobae.com/colombia/2026/04/22/si-se-llevan-los-14-candidatos-no-va-a-haber-debate-choque-politico-por-restricciones-en-campana-presidencial/,'Si se llevan los 14 candidatos... no va a haber debate': choque politico por restricciones en campaña presidencial,Abelardo de la Espriella planteo limitar los debates a quienes considera con mayores opciones y dijo que incluir a todos impediria un debate de fondo.,0.75,2026-04-22,NA,NA,NA,NA,NA,NA,NA,NA,NA,NA,NA
src-20260419-abelardo-debate-elpais,abelardo-de-la-espriella,2026-04-18T23:44:00Z,established-media,liveblog,EL PAÍS,https://elpais.com/america-colombia/elecciones-presidenciales/2026-04-18/el-camino-a-las-elecciones-presidenciales-de-colombia-2026-en-vivo.html,"El camino a las elecciones presidenciales de Colombia 2026, en vivo",EL PAÍS reporta que Abelardo de la Espriella aceptó el reto y pidió que los medios organicen pronto el debate.,0.75,2026-04-19,NA,NA,NA,NA,NA,NA,NA,NA,NA,NA,NA
src-20260419-paloma-debate-elpais,paloma-valencia,2026-04-18T23:44:00Z,established-media,liveblog,EL PAÍS,https://elpais.com/america-colombia/elecciones-presidenciales/2026-04-18/el-camino-a-las-elecciones-presidenciales-de-colombia-2026-en-vivo.html,"El camino a las elecciones presidenciales de Colombia 2026, en vivo",EL PAÍS reporta que Paloma Valencia aceptó el reto y pidió un moderador independiente y un canal nacional.,0.75,2026-04-19,NA,NA,NA,NA,NA,NA,NA,NA,NA,NA,NA
src-20260419-sergio-debate-elpais,sergio-fajardo,2026-04-18T23:30:00Z,established-media,liveblog,EL PAÍS,https://elpais.com/america-colombia/elecciones-presidenciales/2026-04-18/el-camino-a-las-elecciones-presidenciales-de-colombia-2026-en-vivo.html,"El camino a las elecciones presidenciales de Colombia 2026, en vivo",EL PAÍS reporta que Fajardo dijo estar listo para debatir y pidió incluir a quienes no representan la polarización Petro-Uribe.,0.75,2026-04-19,NA,NA,NA,NA,NA,NA,NA,NA,NA,NA,NA
src-20260419-ivan-debate-elpais,ivan-cepeda,2026-04-18T22:31:00Z,established-media,liveblog,EL PAÍS,https://elpais.com/america-colombia/elecciones-presidenciales/2026-04-18/el-camino-a-las-elecciones-presidenciales-de-colombia-2026-en-vivo.html,"El camino a las elecciones presidenciales de Colombia 2026, en vivo",EL PAÍS reporta que Cepeda retó a Paloma Valencia y Abelardo de la Espriella a debatir sobre propuestas de fondo.,0.75,2026-04-19,NA,NA,NA,NA,NA,NA,NA,NA,NA,NA,NA
src-20260419-claudia-energia-elpais,claudia-lopez,2026-04-18T01:37:00Z,established-media,article,EL PAÍS,https://elpais.com/america-colombia/2026-04-18/valencia-fajardo-lopez-y-roy-coinciden-en-reactivar-el-sector-minero-energetico.html,"Valencia, Fajardo, López y Roy coinciden en reactivar el sector minero energético",EL PAÍS recoge que López quiere incorporar a las comunidades con licenciamiento social y sacar a los criminales de la minería.,0.75,2026-04-19,NA,NA,NA,NA,NA,NA,NA,NA,NA,NA,NA
src-20260419-paloma-energia-elpais,paloma-valencia,2026-04-18T01:37:00Z,established-media,article,EL PAÍS,https://elpais.com/america-colombia/2026-04-18/valencia-fajardo-lopez-y-roy-coinciden-en-reactivar-el-sector-minero-energetico.html,"Valencia, Fajardo, López y Roy coinciden en reactivar el sector minero energético","EL PAÍS reporta que Valencia pidió inversión pública, una solución estructural para la Costa y uso de todas las fuentes de energía.",0.75,2026-04-19,NA,NA,NA,NA,NA,NA,NA,NA,NA,NA,NA
src-20260419-sergio-energia-elpais,sergio-fajardo,2026-04-18T01:37:00Z,established-media,article,EL PAÍS,https://elpais.com/america-colombia/2026-04-18/valencia-fajardo-lopez-y-roy-coinciden-en-reactivar-el-sector-minero-energetico.html,"Valencia, Fajardo, López y Roy coinciden en reactivar el sector minero energético",EL PAÍS señala que Fajardo pidió un desarrollo energético sostenible y advirtió que la minería ilegal enriquece a las mafias.,0.75,2026-04-19,NA,NA,NA,NA,NA,NA,NA,NA,NA,NA,NA
src-20260418-paloma-elpais,paloma-valencia,2026-04-14T10:30:00Z,established-media,article,EL PAÍS,https://elpais.com/america-colombia/elecciones-presidenciales/2026-04-14/mas-fracking-mas-militares-menos-impuestos-el-programa-de-paloma-valencia-refleja-las-formulas-clasicas-de-la-derecha.html,"Más fracking, más militares, menos impuestos","Plan 10 con seguridad, salud, energía y justicia rápida.",0.75,2026-04-18,NA,NA,NA,NA,NA,NA,NA,NA,NA,NA,NA
src-20260418-clara-renuncia,clara-lopez,2026-04-07T17:00:00Z,established-media,article,Infobae,https://www.infobae.com/colombia/2026/04/07/clara-lopez-renuncia-a-su-candidatura-presidencial-2026-y-anuncia-alianza-con-ivan-cepeda/?outputType=amp-type,Clara López renuncia a su candidatura presidencial 2026 y anuncia alianza con Iván Cepeda,La renuncia fue formalizada ante la Registraduría y deja su casilla en blanco.,0.75,2026-04-18,NA,NA,NA,NA,NA,NA,NA,NA,NA,NA,NA
src-20260418-murillo-elpais,luis-gilberto-murillo,2026-03-24T23:14:00Z,established-media,profile,El País Cali,https://www.elpais.com.co/elecciones-2026/luis-gilberto-murillo-el-candidato-chocoano-que-busca-llegar-a-la-casa-de-narino-esta-es-su-apuesta-2437.html,"Luis Gilberto Murillo, el candidato chocoano que busca llegar a la Casa de Nariño",La educación y las regiones olvidadas están en el centro de su apuesta.,0.75,2026-04-18,NA,NA,NA,NA,NA,NA,NA,NA,NA,NA,NA
src-20260418-abelardo-profile,abelardo-de-la-espriella,2026-03-19T20:44:00Z,established-media,profile,RTVC Noticias,https://www.rtvcnoticias.com/nacion/quienes-son-los-14-candidatos-la-presidencia-de-colombia-para-el-periodo-2026-2030,Quiénes son los 14 candidatos a la presidencia de Colombia para el periodo 2026-2030,Abogado penalista y empresario; su perfil público está ligado a clientes judiciales polémicos.,0.75,2026-04-18,NA,NA,NA,NA,NA,NA,NA,NA,NA,NA,NA
src-20260418-carlos-profile,carlos-caicedo,2026-03-19T20:44:00Z,established-media,profile,RTVC Noticias,https://www.rtvcnoticias.com/nacion/quienes-son-los-14-candidatos-la-presidencia-de-colombia-para-el-periodo-2026-2030,Quiénes son los 14 candidatos a la presidencia de Colombia para el periodo 2026-2030,Exgobernador del Magdalena y exalcalde de Santa Marta; apuesta regional caribeña.,0.75,2026-04-18,NA,NA,NA,NA,NA,NA,NA,NA,NA,NA,NA
src-20260418-clara-profile,clara-lopez,2026-03-19T20:44:00Z,established-media,profile,RTVC Noticias,https://www.rtvcnoticias.com/nacion/quienes-son-los-14-candidatos-la-presidencia-de-colombia-para-el-periodo-2026-2030,Quiénes son los 14 candidatos a la presidencia de Colombia para el periodo 2026-2030,"Exministra, exsenadora y exalcaldesa encargada de Bogotá; representó una izquierda moderada.",0.75,2026-04-18,NA,NA,NA,NA,NA,NA,NA,NA,NA,NA,NA
src-20260418-claudia-profile,claudia-lopez,2026-03-19T20:44:00Z,established-media,profile,RTVC Noticias,https://www.rtvcnoticias.com/nacion/quienes-son-los-14-candidatos-la-presidencia-de-colombia-para-el-periodo-2026-2030,Quiénes son los 14 candidatos a la presidencia de Colombia para el periodo 2026-2030,Exalcaldesa de Bogotá y exsenadora; ganó la Consulta de las Soluciones.,0.75,2026-04-18,NA,NA,NA,NA,NA,NA,NA,NA,NA,NA,NA
src-20260418-gustavo-profile,gustavo-matamoros,2026-03-19T20:44:00Z,established-media,profile,RTVC Noticias,https://www.rtvcnoticias.com/nacion/quienes-son-los-14-candidatos-la-presidencia-de-colombia-para-el-periodo-2026-2030,Quiénes son los 14 candidatos a la presidencia de Colombia para el periodo 2026-2030,General retirado; centra su campaña en seguridad y presencia institucional.,0.75,2026-04-18,NA,NA,NA,NA,NA,NA,NA,NA,NA,NA,NA
src-20260418-ivan-profile,ivan-cepeda,2026-03-19T20:44:00Z,established-media,profile,RTVC Noticias,https://www.rtvcnoticias.com/nacion/quienes-son-los-14-candidatos-la-presidencia-de-colombia-para-el-periodo-2026-2030,Quiénes son los 14 candidatos a la presidencia de Colombia para el periodo 2026-2030,Senador y filósofo; la defensa de derechos humanos marcó su trayectoria.,0.75,2026-04-18,NA,NA,NA,NA,NA,NA,NA,NA,NA,NA,NA
src-20260418-mauricio-profile,mauricio-lizcano,2026-03-19T20:44:00Z,established-media,profile,RTVC Noticias,https://www.rtvcnoticias.com/nacion/quienes-son-los-14-candidatos-la-presidencia-de-colombia-para-el-periodo-2026-2030,Quiénes son los 14 candidatos a la presidencia de Colombia para el periodo 2026-2030,Exministro TIC y exdirector del DAPRE; hijo del excongresista Óscar Tulio Lizcano.,0.75,2026-04-18,NA,NA,NA,NA,NA,NA,NA,NA,NA,NA,NA
src-20260418-miguel-profile,miguel-uribe,2026-03-19T20:44:00Z,established-media,profile,RTVC Noticias,https://www.rtvcnoticias.com/nacion/quienes-son-los-14-candidatos-la-presidencia-de-colombia-para-el-periodo-2026-2030,Quiénes son los 14 candidatos a la presidencia de Colombia para el periodo 2026-2030,"Economista, abogado, periodista y docente; compite desde la centroderecha.",0.75,2026-04-18,NA,NA,NA,NA,NA,NA,NA,NA,NA,NA,NA
src-20260418-murillo-profile,luis-gilberto-murillo,2026-03-19T20:44:00Z,established-media,profile,RTVC Noticias,https://www.rtvcnoticias.com/nacion/quienes-son-los-14-candidatos-la-presidencia-de-colombia-para-el-periodo-2026-2030,Quiénes son los 14 candidatos a la presidencia de Colombia para el periodo 2026-2030,Excanciller y exgobernador; desarrollo sostenible e inclusión regional marcan su trayectoria.,0.75,2026-04-18,NA,NA,NA,NA,NA,NA,NA,NA,NA,NA,NA
src-20260418-paloma-profile,paloma-valencia,2026-03-19T20:44:00Z,established-media,profile,RTVC Noticias,https://www.rtvcnoticias.com/nacion/quienes-son-los-14-candidatos-la-presidencia-de-colombia-para-el-periodo-2026-2030,Quiénes son los 14 candidatos a la presidencia de Colombia para el periodo 2026-2030,Senadora del Centro Democrático y nieta del expresidente Guillermo León Valencia.,0.75,2026-04-18,NA,NA,NA,NA,NA,NA,NA,NA,NA,NA,NA
src-20260418-raul-profile,raul-botero,2026-03-19T20:44:00Z,established-media,profile,RTVC Noticias,https://www.rtvcnoticias.com/nacion/quienes-son-los-14-candidatos-la-presidencia-de-colombia-para-el-periodo-2026-2030,Quiénes son los 14 candidatos a la presidencia de Colombia para el periodo 2026-2030,Empresario y fundador de Fin Social; se presenta como opción independiente.,0.75,2026-04-18,NA,NA,NA,NA,NA,NA,NA,NA,NA,NA,NA
src-20260418-roy-profile,roy-barreras,2026-03-19T20:44:00Z,established-media,profile,RTVC Noticias,https://www.rtvcnoticias.com/nacion/quienes-son-los-14-candidatos-la-presidencia-de-colombia-para-el-periodo-2026-2030,Quiénes son los 14 candidatos a la presidencia de Colombia para el periodo 2026-2030,"Exsenador con roles clave en paz, salud y reformas institucionales.",0.75,2026-04-18,NA,NA,NA,NA,NA,NA,NA,NA,NA,NA,NA
src-20260418-sergio-profile,sergio-fajardo,2026-03-19T20:44:00Z,established-media,profile,RTVC Noticias,https://www.rtvcnoticias.com/nacion/quienes-son-los-14-candidatos-la-presidencia-de-colombia-para-el-periodo-2026-2030,Quiénes son los 14 candidatos a la presidencia de Colombia para el periodo 2026-2030,Exalcalde de Medellín y exgobernador de Antioquia; insiste en educación y transparencia.,0.75,2026-04-18,NA,NA,NA,NA,NA,NA,NA,NA,NA,NA,NA
src-20260418-sondra-profile,sondra-macollins,2026-03-19T20:44:00Z,established-media,profile,RTVC Noticias,https://www.rtvcnoticias.com/nacion/quienes-son-los-14-candidatos-la-presidencia-de-colombia-para-el-periodo-2026-2030,Quiénes son los 14 candidatos a la presidencia de Colombia para el periodo 2026-2030,Abogada penalista con alta exposición por defensas judiciales de alto perfil.,0.75,2026-04-18,NA,NA,NA,NA,NA,NA,NA,NA,NA,NA,NA
src-20260418-paloma-eltiempo,paloma-valencia,2026-03-08T23:37:00Z,established-media,article,EL TIEMPO,https://www.eltiempo.com/politica/elecciones-colombia-2026/paloma-valencia-gana-la-gran-consulta-estas-son-las-propuestas-presidenciales-de-la-candidata-del-centro-democratico-3538498,Paloma Valencia gana la Gran Consulta: estas son sus propuestas,"Energía, vías terciarias, educación, vivienda progresiva y formalización.",0.75,2026-04-18,NA,NA,NA,NA,NA,NA,NA,NA,NA,NA,NA
src-manual-195a1706,ivan-cepeda,2026-04-30T00:00:00Z,official,official-page,Ivancepedacastro Com,https://ivancepedacastro.com/,Iván Cepeda Senador de la República de Colombia,Iván Cepeda Senador de la República de Colombia,0.99,2026-05-29,manual_added_file,origin_files=data/added_manually/chatgpt_pro.md,NA,NA,NA,NA,NA,NA,NA,NA,NA
src-manual-5bbd0995,luis-gilberto-murillo,2026-04-30T00:00:00Z,official,official-page,Murilloporcolombia Com,https://murilloporcolombia.com/luis-gilberto-murillo-quien-es/,"Quién es Luis Gilberto Murillo Biografía, trayectoria","Quién es Luis Gilberto Murillo Biografía, trayectoria",0.99,2026-05-29,manual_added_file,origin_files=data/added_manually/chatgpt_pro.md,NA,NA,NA,NA,NA,NA,NA,NA,NA
src-manual-05f40435,claudia-lopez,2026-04-19T00:00:00Z,established-media,article,Infobae Com,https://www.infobae.com/colombia/2026/04/19/claudia-lopez-y-leonardo-huerta-presentan-su-plan-de-gobierno-centrado-en-la-lucha-contra-la-corrupcion-y-la-polarizacion-politica/,Claudia López y Leonardo Huerta presentan su plan de gobierno centrado en la lucha contra la corrupción y la polarización política - Infobae,Claudia López y Leonardo Huerta presentan su plan de gobierno centrado en la lucha contra la corrupción y la polarización política - Infobae,0.99,2026-05-29,manual_added_file,origin_files=data/added_manually/chatgpt_pro.md,NA,NA,NA,NA,NA,NA,NA,NA,NA
src-manual-40921854,luis-gilberto-murillo,2026-04-19T00:00:00Z,established-media,topic-page,Elespectador Com,https://www.elespectador.com/politica/elecciones-colombia-2026/luis-gilberto-murillo-busca-la-presidencia-quien-es-cargos-hoja-de-vida-por-que-renuncio-a-cancilleria-noticias-hoy/,"Luis Gilberto Murillo busca la Presidencia: quién es, cargos, hoja de vida, por qué renunció a Cancillería | Noticias hoy | EL ESPECTADOR","Luis Gilberto Murillo busca la Presidencia: quién es, cargos, hoja de vida, por qué renunció a Cancillería | Noticias hoy | EL ESPECTADOR",0.99,2026-05-29,manual_added_file,origin_files=data/added_manually/chatgpt_pro.md,NA,NA,NA,NA,NA,NA,NA,NA,NA
src-manual-30548c04,gustavo-matamoros,2026-04-16T00:00:00Z,established-media,topic-page,Elespectador Com,https://www.elespectador.com/politica/elecciones-colombia-2026/gustavo-matamoros-quien-es-el-general-que-quiere-ser-presidente-de-colombia-perfil-y-trayectoria-del-candidato-noticas-hoy/,Gustavo Matamoros quién es el general que quiere ser presidente de Colombia perfil y trayectoria del candidato | Noticas Hoy | EL ESPECTADOR,Gustavo Matamoros quién es el general que quiere ser presidente de Colombia perfil y trayectoria del candidato | Noticas Hoy | EL ESPECTADOR,0.99,2026-05-29,manual_added_file,origin_files=data/added_manually/chatgpt_pro.md,NA,NA,NA,NA,NA,NA,NA,NA,NA
src-manual-20013e75,carlos-caicedo,2026-04-15T00:00:00Z,established-media,topic-page,Elespectador Com,https://www.elespectador.com/politica/elecciones-colombia-2026/quien-es-carlos-caicedo-su-trayectoria-como-alcalde-rector-su-partido-y-mas-de-su-hoja-de-vida/,"¿Quién es Carlos Caicedo? Su trayectoria como alcalde, rector, su partido y más de su hoja de vida","¿Quién es Carlos Caicedo? Su trayectoria como alcalde, rector, su partido y más de su hoja de vida",0.99,2026-05-29,manual_added_file,origin_files=data/added_manually/chatgpt_pro.md,NA,NA,NA,NA,NA,NA,NA,NA,NA
src-manual-3ba61356,roy-barreras,2026-04-15T00:00:00Z,established-media,article,Infobae Com,https://www.infobae.com/colombia/2026/04/15/roy-barreras-propuso-unificar-el-periodo-presidencial-con-el-de-alcaldes-y-gobernadores-para-facilitar-el-entendimiento-con-el-gobierno/,Roy Barreras propuso cambios en el período presidencial que afectaría a los actuales alcaldes y gobernadores: “Tendrían que gobernar dos años más” - Infobae,Roy Barreras propuso cambios en el período presidencial que afectaría a los actuales alcaldes y gobernadores: “Tendrían que gobernar dos años más” - Infobae,0.99,2026-05-29,manual_added_file,origin_files=data/added_manually/chatgpt_pro.md,NA,NA,NA,NA,NA,NA,NA,NA,NA
src-manual-10314ccb,paloma-valencia,2026-04-13T00:00:00Z,established-media,article,Elheraldo Co,https://www.elheraldo.co:443/politica/2026/04/13/las-cinco-bombas-que-paloma-valencia-y-juan-daniel-oviedo-planean-desactivar-para-estabilizar-el-pais/,Las cinco ‘bombas’ que Paloma Valencia y Juan Daniel Oviedo planean “desactivar” para “estabilizar” el país - ELHERALDO.CO,Las cinco ‘bombas’ que Paloma Valencia y Juan Daniel Oviedo planean “desactivar” para “estabilizar” el país - ELHERALDO.CO,0.99,2026-05-29,manual_added_file,origin_files=data/added_manually/chatgpt_pro.md,NA,NA,NA,NA,NA,NA,NA,NA,NA
src-manual-1cf85d8c,paloma-valencia,2026-04-13T00:00:00Z,established-media,article,Semana Com,https://www.semana.com:443/politica/articulo/paloma-valencia-y-juan-daniel-oviedo-presentaron-su-plan-10-este-es-su-programa-de-gobierno-para-las-presidenciales/202651/,Paloma Valencia y Juan Daniel Oviedo presentaron su “Plan 10”: este es su programa de gobierno para las presidenciales - Semana,Paloma Valencia y Juan Daniel Oviedo presentaron su “Plan 10”: este es su programa de gobierno para las presidenciales - Semana,0.99,2026-05-29,manual_added_file,origin_files=data/added_manually/chatgpt_pro.md,NA,NA,NA,NA,NA,NA,NA,NA,NA
src-manual-5d53f18f,mauricio-lizcano,2026-04-13T00:00:00Z,established-media,topic-page,Elespectador Com,https://www.elespectador.com/politica/elecciones-colombia-2026/quien-es-mauricio-lizcano-estos-son-los-giros-de-la-vida-y-la-politica-detras-de-su-candidatura-presidencial/,Quién es Mauricio Lizcano: estos son los giros de la vida y la política detrás de su candidatura presidencial,Quién es Mauricio Lizcano: estos son los giros de la vida y la política detrás de su candidatura presidencial,0.99,2026-05-29,manual_added_file,origin_files=data/added_manually/chatgpt_pro.md,NA,NA,NA,NA,NA,NA,NA,NA,NA
src-manual-25877365,gustavo-matamoros,2026-04-12T00:00:00Z,established-media,topic-page,Noticiascaracol Com,https://www.noticiascaracol.com/politica/elecciones-colombia/propuestas-de-gustavo-matamoros-en-seguridad-y-su-programa-para-las-cinco-colombias-rg10,Las propuestas de Gustavo Matamoros en seguridad y su programa para “las cinco Colombias” - NoticiasCaracol,Las propuestas de Gustavo Matamoros en seguridad y su programa para “las cinco Colombias” - NoticiasCaracol,0.99,2026-05-29,manual_added_file,origin_files=data/added_manually/chatgpt_pro.md,NA,NA,NA,NA,NA,NA,NA,NA,NA
src-manual-5e114fad,gustavo-matamoros,2026-04-12T00:00:00Z,established-media,topic-page,Elpais Com Co,https://www.elpais.com.co:443/elecciones/gustavo-matamoros-candidato-a-la-presidencia-asegura-en-mi-gobierno-la-jep-se-acaba-1209.html,¿Qué hará con la JEP Gustavo Matamoros si llega a la Presidencia? - El País,¿Qué hará con la JEP Gustavo Matamoros si llega a la Presidencia? - El País,0.99,2026-05-29,manual_added_file,origin_files=data/added_manually/chatgpt_pro.md,NA,NA,NA,NA,NA,NA,NA,NA,NA
src-manual-2c779d51,clara-lopez,2026-04-07T00:00:00Z,established-media,topic-page,Eltiempo Com,https://www.eltiempo.com/politica/elecciones-colombia-2026/campana-de-ivan-cepeda-recibe-el-respaldo-de-clara-lopez-y-congresistas-de-la-alianza-verde-a-quienes-espera-para-los-proximos-dias-3545863,"Campaña de Iván Cepeda recibe el respaldo de Clara López y congresistas de la Alianza Verde, ¿a quiénes espera para los próximos días?","Campaña de Iván Cepeda recibe el respaldo de Clara López y congresistas de la Alianza Verde, ¿a quiénes espera para los próximos días?",0.99,2026-05-29,manual_added_file,origin_files=data/added_manually/chatgpt_pro.md,NA,NA,NA,NA,NA,NA,NA,NA,NA
src-manual-2df95543,carlos-caicedo,2026-04-06T00:00:00Z,official,official-page,Diariolalibertad Com,https://diariolalibertad.com/2026/04/06/tres-millones-de-firmas-respaldaran-la-aspiracion-presidencial-de-carlos-caicedo/,Tres millones de firmas respaldarán la aspiración presidencial de Carlos Caicedo - Diario La Libertad.,Tres millones de firmas respaldarán la aspiración presidencial de Carlos Caicedo - Diario La Libertad.,0.99,2026-05-29,manual_added_file,origin_files=data/added_manually/chatgpt_pro.md,NA,NA,NA,NA,NA,NA,NA,NA,NA
src-manual-2e1819df,carlos-caicedo,2026-04-01T00:00:00Z,established-media,article,Infobae Com,https://www.infobae.com/video/politica/carlos-caicedo-sobre-sus-propuestas-de-paz/iiynSZvb/,Carlos Caicedo sobre sus propuestas de paz - Infobae,Carlos Caicedo sobre sus propuestas de paz - Infobae,0.99,2026-05-29,manual_added_file,origin_files=data/added_manually/chatgpt_pro.md,NA,NA,NA,NA,NA,NA,NA,NA,NA
src-manual-1dc39c95,carlos-caicedo,2026-03-27T00:00:00Z,established-media,topic-page,Elpais Com Co,https://www.elpais.com.co:443/elecciones/carlos-caicedo-el-candidato-presidencial-que-busca-fortalecer-la-educacion-en-colombia-esta-es-su-trayectoria-2707.html,"Carlos Caicedo, candidato presidencial que busca llegar a la Casa de Nariño este 2026 - El País","Carlos Caicedo, candidato presidencial que busca llegar a la Casa de Nariño este 2026 - El País",0.99,2026-05-29,manual_added_file,origin_files=data/added_manually/chatgpt_pro.md,NA,NA,NA,NA,NA,NA,NA,NA,NA
src-manual-21c82915,abelardo-de-la-espriella,2026-03-25T00:00:00Z,established-media,article,Caracol Com Co,https://caracol.com.co/2026/03/25/asi-es-el-plan-de-abelardo-de-la-espriella-para-recuperar-el-control-territorial-en-90-dias/,Así es el plan de Abelardo de la Espriella para recuperar el control territorial en 90 días | Política | Caracol Radio,Así es el plan de Abelardo de la Espriella para recuperar el control territorial en 90 días | Política | Caracol Radio,0.99,2026-05-29,manual_added_file,origin_files=data/added_manually/chatgpt_pro.md,NA,NA,NA,NA,NA,NA,NA,NA,NA
src-manual-09f50ce0,claudia-lopez,2026-03-18T00:00:00Z,established-media,topic-page,Eltiempo Com,https://www.eltiempo.com/politica/elecciones-colombia-2026/claudia-lopez-presento-su-plan-de-gobierno-habla-de-seguridad-con-enfoque-social-y-apuesta-por-superar-la-polarizacion-3541157,Claudia López presentó su plan de gobierno: habla de seguridad con enfoque social y apuesta por superar la polarización,Claudia López presentó su plan de gobierno: habla de seguridad con enfoque social y apuesta por superar la polarización,0.99,2026-05-29,manual_added_file,origin_files=data/added_manually/chatgpt_pro.md,NA,NA,NA,NA,NA,NA,NA,NA,NA
src-manual-4dc0f536,gustavo-matamoros,2026-03-13T00:00:00Z,established-media,article,Elheraldo Co,https://www.elheraldo.co:443/politica/2026/03/13/gustavo-matamoros-inscribio-su-candidatura-presidencial-ante-la-registraduria/,El general retirado Gustavo Matamoros inscribió su candidatura presidencial ante la Registraduría - ELHERALDO.CO,El general retirado Gustavo Matamoros inscribió su candidatura presidencial ante la Registraduría - ELHERALDO.CO,0.99,2026-05-29,manual_added_file,origin_files=data/added_manually/chatgpt_pro.md,NA,NA,NA,NA,NA,NA,NA,NA,NA
src-manual-1ce02e20,roy-barreras,2026-03-08T00:00:00Z,established-media,topic-page,Elespectador Com,https://www.elespectador.com/politica/elecciones-colombia-2026/roy-barreras-llegara-a-la-primera-vuelta-presidencial-y-seguira-su-camino-por-la-casa-de-narino-noticias-hoy/,Roy Barreras llegará a la primera vuelta presidencial y seguirá su camino por la Casa de Nariño | Noticias hoya,Roy Barreras llegará a la primera vuelta presidencial y seguirá su camino por la Casa de Nariño | Noticias hoya,0.99,2026-05-29,manual_added_file,origin_files=data/added_manually/chatgpt_pro.md,NA,NA,NA,NA,NA,NA,NA,NA,NA
src-manual-21c198da,paloma-valencia,2026-03-07T00:00:00Z,established-media,article,Canal1 Com Co,https://canal1.com.co/noticias/politica/propuestas-de-paloma-valencia/,Mano firme contra la criminalidad: las propuestas de Paloma Valencia - Canal 1,Mano firme contra la criminalidad: las propuestas de Paloma Valencia - Canal 1,0.99,2026-05-29,manual_added_file,origin_files=data/added_manually/chatgpt_pro.md,NA,NA,NA,NA,NA,NA,NA,NA,NA
src-manual-15c36428,miguel-uribe,2026-03-05T00:00:00Z,established-media,article,Portafolio Co,https://www.portafolio.co/economia/regiones/es-oficial-miguel-uribe-londono-se-inscribio-en-la-carrera-por-la-presidencia-de-la-republica-489490,Es oficial: Miguel Uribe Londoño se inscribió en la carrera por la Presidencia de la República,Es oficial: Miguel Uribe Londoño se inscribió en la carrera por la Presidencia de la República,0.99,2026-05-29,manual_added_file,origin_files=data/added_manually/chatgpt_pro.md,NA,NA,NA,NA,NA,NA,NA,NA,NA
src-manual-1e42b541,claudia-lopez,2026-02-15T00:00:00Z,established-media,article,Noticiasrcn Com,https://www.noticiasrcn.com/colombia/claudia-lopez-y-leonardo-huerta-candidatos-de-la-consulta-de-las-soluciones-hablan-de-sus-propuestas-en-seguridad-y-economia-991964,Candidatos de la Consulta de las Soluciones hablan de sus propuestas en seguridad y econom&#xED;a | Noticias RCN,Candidatos de la Consulta de las Soluciones hablan de sus propuestas en seguridad y econom&#xED;a | Noticias RCN,0.99,2026-05-29,manual_added_file,origin_files=data/added_manually/chatgpt_pro.md,NA,NA,NA,NA,NA,NA,NA,NA,NA
src-manual-6e32a8d5,clara-lopez,2026-01-31T00:00:00Z,established-media,article,Portafolio Co,https://www.portafolio.co/economia/gobierno/clara-lopez-inscribe-oficialmente-su-candidatura-presidencial-con-respaldo-de-esperanza-democratica-487435,Clara López inscribe oficialmente su candidatura presidencial 2026,Clara López inscribe oficialmente su candidatura presidencial 2026,0.99,2026-05-29,manual_added_file,origin_files=data/added_manually/chatgpt_pro.md,NA,NA,NA,NA,NA,NA,NA,NA,NA
src-manual-5aa471d6,roy-barreras,2025-10-21T00:00:00Z,established-media,article,Wradio Com Co,https://www.wradio.com.co/2025/10/21/roy-barreras-oficializo-su-candidatura-presidencial-y-una-de-sus-banderas-sera-la-seguridad-total/,Roy Barreras oficializó su candidatura presidencial y una de sus banderas será la “seguridad total” | Actualidad | WRadio,Roy Barreras oficializó su candidatura presidencial y una de sus banderas será la “seguridad total” | Actualidad | WRadio,0.99,2026-05-29,manual_added_file,origin_files=data/added_manually/chatgpt_pro.md,NA,NA,NA,NA,NA,NA,NA,NA,NA
src-manual-4895df7e,sergio-fajardo,2025-10-07T00:00:00Z,established-media,article,360radio Com Co,https://360radio.com.co/vea-aqui-las-propuestas-de-sergio-fajardo-para-presidente-2026/196076/,Vea aquí las propuestas de Sergio Fajardo para presidente 2026 | 360,Vea aquí las propuestas de Sergio Fajardo para presidente 2026 | 360,0.99,2026-05-29,manual_added_file,origin_files=data/added_manually/chatgpt_pro.md,NA,NA,NA,NA,NA,NA,NA,NA,NA
src-manual-40347029,miguel-uribe,2025-09-29T00:00:00Z,official,official-page,Migueluribe Com,https://migueluribe.com/,Miguel Uribe Londoño - Candidato Presidencial 2026 | Colombia,Miguel Uribe Londoño - Candidato Presidencial 2026 | Colombia,0.99,2026-05-29,manual_added_file,origin_files=data/added_manually/chatgpt_pro.md,NA,NA,NA,NA,NA,NA,NA,NA,NA
src-manual-3f137281,mauricio-lizcano,2025-07-10T00:00:00Z,established-media,article,360radio Com Co,https://360radio.com.co/mauricio-lizcano-revela-detalles-de-sus-propuestas-para-elecciones-2026/188188/,Mauricio Lizcano revela detalles de sus propuestas para elecciones 2026 | 360,Mauricio Lizcano revela detalles de sus propuestas para elecciones 2026 | 360,0.99,2026-05-29,manual_added_file,origin_files=data/added_manually/chatgpt_pro.md,NA,NA,NA,NA,NA,NA,NA,NA,NA
src-manual-5a3d637e,mauricio-lizcano,2025-04-23T00:00:00Z,established-media,article,Wradio Com Co,https://www.wradio.com.co/2025/04/23/mauricio-lizcano-confirmo-que-sera-candidato-a-la-presidencia-hacia-el-2026/,Mauricio Lizcano confirmó que será candidato a la Presidencia hacia el 2026 | Actualidad | WRadio,Mauricio Lizcano confirmó que será candidato a la Presidencia hacia el 2026 | Actualidad | WRadio,0.99,2026-05-29,manual_added_file,origin_files=data/added_manually/chatgpt_pro.md,NA,NA,NA,NA,NA,NA,NA,NA,NA
src-manual-78dafdfc,mauricio-lizcano,2019-10-16T00:00:00Z,official,official-page,Mauriciolizcano Co,https://mauriciolizcano.co/,Mauricio Lizcano – Candidato Presidencial 2026 | Propuestas,Mauricio Lizcano – Candidato Presidencial 2026 | Propuestas,0.99,2026-05-29,manual_added_file,origin_files=data/added_manually/chatgpt_pro.md,NA,NA,NA,NA,NA,NA,NA,NA,NA
